code,breed_name,difficulty,image_url,question_type,fact,reveal
lab-ret,Labrador Retriever,1,https://commons.wikimedia.org/wiki/Special:FilePath/YellowLabradorLooking_new.jpg,image,,"The world's most popular family dog — originally bred in Newfoundland not Labrador!"
gold-ret,Golden Retriever,1,https://commons.wikimedia.org/wiki/Special:FilePath/Golden_Retriever_Carlos_(cross-eyed).jpg,image,,"One of the most trainable breeds ever — originally a duck-retrieving water dog!"
ger-shep,German Shepherd,1,https://commons.wikimedia.org/wiki/Special:FilePath/Alsatian_sheepdog.jpg,image,,"The most widely used working dog on Earth — police, military, and search and rescue!"
eng-bull,English Bulldog,1,https://commons.wikimedia.org/wiki/Special:FilePath/English_Bulldog_800.jpg,image,,"Their flat-faced look is entirely human-made — it causes real breathing difficulties!"
std-poo,Standard Poodle,1,https://commons.wikimedia.org/wiki/Special:FilePath/Poodle_geant_blanc.jpg,image,,"The iconic haircut was designed for swimming — to protect joints in cold water!"
beagle,Beagle,1,https://commons.wikimedia.org/wiki/Special:FilePath/Beagle_portrait.jpg,image,,"The most popular scent hound in the world — deployed in over a hundred airports for detection!"
chih,Chihuahua,1,https://commons.wikimedia.org/wiki/Special:FilePath/Chihuahua1_bvdb.jpg,image,,"The world's smallest dog breed — named after the Mexican state of Chihuahua!"
sib-hus,Siberian Husky,1,https://commons.wikimedia.org/wiki/Special:FilePath/Siberianhusky1.jpg,image,,"Can run three hundred kilometres a day on minimal food in sub-zero temperatures!"
york-ter,Yorkshire Terrier,1,https://commons.wikimedia.org/wiki/Special:FilePath/Yorkshire_Terrier_Photo.jpg,image,,"Despite their size they were bred as fearless rat hunters deep in Yorkshire mines!"
fr-bull,French Bulldog,1,https://commons.wikimedia.org/wiki/Special:FilePath/Frenchbulldog2.jpg,image,,"Descended from English bulldogs taken to France by lacemakers during the Industrial Revolution!"
dalm,Dalmatian,1,https://commons.wikimedia.org/wiki/Special:FilePath/Dalmatian_dog.jpg,image,,"Historically ran alongside horse-drawn carriages as coach dogs to guard horses!"
border-c,Border Collie,1,https://commons.wikimedia.org/wiki/Special:FilePath/Border_Collie_sheepdog.jpg,image,,"Considered the world's most intelligent dog — can learn a new word in a single hearing!"
dob-pin,Doberman Pinscher,1,,fact,"Originally bred by a German tax collector who wanted a loyal and intimidating companion","Doberman! Created in the eighteen eighties by tax collector Louis Dobermann for protection!"
rottw,Rottweiler,1,,fact,"Descended from Roman herding dogs left behind when legions withdrew from ancient Germany","Rottweiler! Their ancestors were Roman cattle dogs marching with the legions!"
dach,Dachshund,1,,fact,"German name means badger dog — their long bodies were designed to enter underground burrows","Dachshund! Bred to squeeze into badger burrows — their name literally means badger dog!"
shih-tzu,Shih Tzu,1,,fact,"Bred exclusively as a companion for Chinese emperors and forbidden from leaving the royal palace","Shih Tzu! Chinese royalty were so protective they hid the breeding secrets for centuries!"
cock-sp,Cocker Spaniel,1,,fact,"Originally bred in Spain to flush woodcocks from dense undergrowth — hence their name","Cocker Spaniel! They get their name from the woodcock birds they were bred to flush!"
grey,Greyhound,1,,fact,"The fastest domestic dog reaching seventy-two kilometres per hour — and mentioned in the Bible","Greyhound! The only dog breed mentioned by name in the Bible!"
boxer,Boxer,1,,fact,"Named for their habit of standing on hind legs and using their front paws like a boxer","Boxer! They love to play-fight with their front paws like a prizefighter!"
gr-dane,Great Dane,1,,fact,"Despite their size they are gentle giants rarely living beyond ten years","Great Dane! The world's tallest dog breed has one of the shortest lifespans!"
shib-inu,Shiba Inu,2,https://commons.wikimedia.org/wiki/Special:FilePath/Shiba_inu_taiki.jpg,image,,"Japan's most popular native breed — Shiba means small brushwood and Inu means dog!"
aus-shep,Australian Shepherd,2,https://commons.wikimedia.org/wiki/Special:FilePath/Aussie_Dogo.jpg,image,,"Despite the name developed almost entirely in California by Basque shepherds!"
bern-mtn,Bernese Mountain Dog,2,https://commons.wikimedia.org/wiki/Special:FilePath/BerneseMountainDog08.jpg,image,,"One of four Swiss mountain dog breeds — used for drafting and droving cattle in the Alps!"
akita,Akita,2,https://commons.wikimedia.org/wiki/Special:FilePath/Akita_Inu.jpg,image,,"Japan's national dog — the famous Hachiko waited nine years at a train station for his owner!"
weim,Weimaraner,2,https://commons.wikimedia.org/wiki/Special:FilePath/Weimaraner_wb.jpg,image,,"Called the Grey Ghost for their distinctive silver coat — bred for hunting big game!"
belg-mal,Belgian Malinois,2,https://commons.wikimedia.org/wiki/Special:FilePath/Belgian_Malinois.jpg,image,,"The preferred dog of special forces worldwide — more deployments than any other military breed!"
chow,Chow Chow,2,https://commons.wikimedia.org/wiki/Special:FilePath/Chow_Chow_dog.jpg,image,,"Has a distinctive blue-black tongue — one of the oldest recognisable dog breeds from ancient China!"
shar-pei,Shar Pei,2,https://commons.wikimedia.org/wiki/Special:FilePath/Shar_pei_puppy.jpg,image,,"Their name means sand skin in Cantonese — the wrinkles made them harder for other dogs to grip!"
papil,Papillon,2,https://commons.wikimedia.org/wiki/Special:FilePath/Papillon_Butterfly_Dog.jpg,image,,"Their name means butterfly in French — named for their distinctive wing-like ear fringes!"
st-bern,Saint Bernard,2,https://commons.wikimedia.org/wiki/Special:FilePath/Barry_(Saint_Bernard).jpg,image,,"The famous Saint Bernard Barry rescued over forty people in the Swiss Alps in the early eighteen hundreds!"
al-mal,Alaskan Malamute,2,https://commons.wikimedia.org/wiki/Special:FilePath/Alaskan_Malamute.jpg,image,,"One of the oldest Arctic sled dogs — named after the Mahlemut Inuit people of Alaska!"
blood-h,Bloodhound,2,https://commons.wikimedia.org/wiki/Special:FilePath/Bloodhound_dog.jpg,image,,"Their nose is so accurate its results are admissible as evidence in a court of law!"
ir-set,Irish Setter,2,https://commons.wikimedia.org/wiki/Special:FilePath/Irish_setter.jpg,image,,"Once bred in white and red to be spotted by hunters — the solid mahogany coat came later!"
pe-corgi,Pembroke Welsh Corgi,2,https://commons.wikimedia.org/wiki/Special:FilePath/Corgi_g2.jpg,image,,"Queen Elizabeth the Second owned over thirty Corgis during her reign!"
min-schn,Miniature Schnauzer,2,https://commons.wikimedia.org/wiki/Special:FilePath/Miniature_Schnauzer.jpg,image,,"Created by crossing Standard Schnauzers with Poodles and Affenpinschers in nineteenth century Germany!"
whip,Whippet,2,https://commons.wikimedia.org/wiki/Special:FilePath/Whippet1.jpg,image,,"The fastest dog relative to their size — reaching fifty-six kilometres per hour in just a few strides!"
samoy,Samoyed,2,https://commons.wikimedia.org/wiki/Special:FilePath/Samoyed_dog.jpg,image,,"Bred by the Samoyedic people of Siberia — their permanent smile prevents icicles forming on their face!"
ridgeb,Rhodesian Ridgeback,2,https://commons.wikimedia.org/wiki/Special:FilePath/Rhodesian_Ridgeback.jpg,image,,"Bred by Boer settlers to track and corner lions — never to fight them directly!"
vizsla,Vizsla,2,,fact,"Hungary's national dog and one of the few breeds that can point and retrieve with equal skill","Vizsla! Hungary's golden rust dog has been a prized hunting companion since medieval times!"
base,Basenji,2,,fact,"The only domestic dog that cannot bark — instead makes a unique yodelling sound called a barroo","Basenji! The barkless dog from Central Africa communicates with yodels and howls!"
newf,Newfoundland,2,,fact,"Bred by Canadian fishermen as water rescue dogs with webbed feet and a waterproof double coat","Newfoundland! They have webbed feet and instinctively swim towards drowning people!"
keesh,Keeshond,2,,fact,"The national dog of the Netherlands named after Dutch patriot Kees de Gyselaar","Keeshond! Named after an eighteenth century Dutch revolutionary and his famous dog!"
nor-elk,Norwegian Elkhound,2,,fact,"One of the oldest breeds on Earth dating back ten thousand years and used by Vikings for hunting","Norwegian Elkhound! Remains of this exact breed have been found in Viking burial sites!"
canaan,Canaan Dog,2,,fact,"Israel's national dog — a semi-wild breed that survived alone in the Negev desert for two thousand years","Canaan Dog! They lived as wild dogs in the Middle East for millennia before being domesticated again!"
soft-wh,Soft-Coated Wheaten Terrier,2,,fact,"An Irish all-purpose farm dog that worked as herder guard and vermin hunter for centuries","Wheaten Terrier! Ireland's oldest terrier was the poor farmer's dog that did every job on the farm!"
leon,Leonberger,2,,fact,"Created in the city of Leonberg Germany specifically to look like the lion on the town's coat of arms","Leonberger! Bred in the eighteen thirties to be a lion lookalike for a German mayor's vanity project!"
britt,Brittany Spaniel,2,,fact,"Named after the French province of Brittany — a versatile gun dog that points and retrieves with equal skill","Brittany! French hunters developed them as a compact all-in-one sporting dog for varied terrain!"
aus-cat,Australian Cattle Dog,2,,fact,"Developed by crossing European cattle dogs with Dingoes to create a dog tough enough for the Australian outback","Australian Cattle Dog! Their Dingo ancestry gives them their incredible stamina and independence!"
entl,Entlebucher Mountain Dog,2,,fact,"The smallest of Switzerland's four mountain dog breeds originally used to drive cattle in alpine pastures","Entlebucher! The rarest of Switzerland's mountain dogs nearly disappeared in the twentieth century!"
dutch-sh,Dutch Shepherd,2,,fact,"A versatile Dutch herding and working dog nearly driven to extinction during World War Two","Dutch Shepherd! Nearly went extinct when breeding stopped during the Nazi occupation!"
kooik,Kooikerhondje,3,https://commons.wikimedia.org/wiki/Special:FilePath/Kooikerhondje.jpg,image,,"A Dutch duck-hunting breed that lured ducks into traps using its feathery tail as bait!"
affen,Affenpinscher,3,https://commons.wikimedia.org/wiki/Special:FilePath/Affenpinscher01.jpg,image,,"German name means monkey terrier — bred in central Europe to clear rats from kitchens and stables!"
bergam,Bergamasco Shepherd,3,https://commons.wikimedia.org/wiki/Special:FilePath/Bergamasco.jpg,image,,"Their distinctive matted coat forms naturally and protects them from wolves and harsh weather!"
catah,Catahoula Leopard Dog,3,https://commons.wikimedia.org/wiki/Special:FilePath/Catahoula_Leopard_Dog.jpg,image,,"Louisiana's state dog — the only breed native to North America developed entirely by Native Americans!"
pumi,Pumi,3,https://commons.wikimedia.org/wiki/Special:FilePath/Pumi_Portrait.jpg,image,,"A Hungarian herding breed with corkscrew curls and a habit of running rings around its flock!"
otterh,Otterhound,3,https://commons.wikimedia.org/wiki/Special:FilePath/Otterhound.jpg,image,,"Critically endangered with fewer dogs alive today than giant pandas — bred to hunt otters in England!"
bracco,Bracco Italiano,3,https://commons.wikimedia.org/wiki/Special:FilePath/Bracco_Italiano.jpg,image,,"One of the oldest pointing breeds in the world — documented in Italian paintings since the fifth century!"
dogo-arg,Dogo Argentino,3,https://commons.wikimedia.org/wiki/Special:FilePath/Dogo_Argentino.jpg,image,,"Developed in Argentina in the nineteen twenties specifically for hunting wild boar in packs!"
tib-mast,Tibetan Mastiff,3,https://commons.wikimedia.org/wiki/Special:FilePath/TibetanMastiff1.jpg,image,,"One of the most expensive breeds ever sold — a red puppy sold in China for one point five million dollars!"
komondor,Komondor,3,https://commons.wikimedia.org/wiki/Special:FilePath/Komondor_delvin.jpg,image,,"Their iconic dreadlock coat grows naturally and was designed to blend in with the sheep they guard!"
lowch,Löwchen,3,https://commons.wikimedia.org/wiki/Special:FilePath/Lowchen.jpg,image,,"German name means little lion — ladies in medieval courts kept them as portable hot water bottles!"
sloughi,Sloughi,3,https://commons.wikimedia.org/wiki/Special:FilePath/Sloughi_Karima.jpg,image,,"An ancient North African sighthound used by Berber tribespeople to hunt gazelle and hare!"
mudi,Mudi,3,https://commons.wikimedia.org/wiki/Special:FilePath/Mudi_herding.jpg,image,,"A rare Hungarian herding dog so versatile it can herd pigs as effectively as sheep!"
fila-braz,Fila Brasileiro,3,https://commons.wikimedia.org/wiki/Special:FilePath/Fila_Brasileiro.jpg,image,,"Brazil's national dog once used by plantation owners and so loyal their motto is faithfulness of the Fila!"
plott,Plott Hound,3,https://commons.wikimedia.org/wiki/Special:FilePath/Plott_Hound.jpg,image,,"North Carolina's state dog — brought to America in seventeen fifty by a single German family!"
ped-inc,Peruvian Inca Orchid,3,,fact,"An ancient Peruvian hairless breed documented in pre-Inca pottery dating back over three thousand years","Peruvian Inca Orchid! An ancient hairless breed documented in pre-Inca pottery!"
azawakh,Azawakh,3,,fact,"A West African sighthound bred by nomadic Tuareg tribes to hunt gazelle at speed across the Sahara","Azawakh! A Tuareg desert sighthound that can run as fast as a Greyhound in extreme heat!"
xolo,Xoloitzcuintli,3,,fact,"One of the world's oldest breeds — sacred to the Aztecs who believed it guided souls through the underworld","Xoloitzcuintli! An ancient Aztec breed sacred as a guide for the dead!"
thai-ridg,Thai Ridgeback,3,,fact,"Only one of three breeds in the world with a distinctive ridge of fur growing in the opposite direction","Thai Ridgeback! Just three breeds have the reverse-fur ridge — this is one of them!"
lagotto,Lagotto Romagnolo,3,,fact,"The only officially recognised truffle-hunting breed — originally from the marshlands of Romagna in Italy","Lagotto Romagnolo! The world's only officially certified truffle-hunting dog!"
cirneco,Cirneco dell'Etna,3,,fact,"An ancient Sicilian breed that has hunted rabbits on the volcanic slopes of Mount Etna for three thousand years","Cirneco dell'Etna! Unchanged for three thousand years on the slopes of Mount Etna!"
finn-sp,Finnish Spitz,3,,fact,"Finland's national dog — nicknamed the barking bird dog for the distinctive ringing bark it uses to signal prey","Finnish Spitz! Finland's national dog barks up to one hundred and sixty times a minute!"
chinook,Chinook,3,,fact,"America's rarest breed — created in New Hampshire in the nineteen twenties by Arthur Walden as a sled dog","Chinook! Once the rarest dog in the world with only eleven breeding individuals left in nineteen eighty-one!"
harrier,Harrier,3,,fact,"One of England's oldest scent hound breeds used in packs to hunt hares for over eight hundred years","Harrier! An ancient English pack hound so similar to a Beagle that only experts tell them apart!"
nor-lund,Norwegian Lundehund,3,,fact,"The only dog with six toes on each foot and the ability to fold its ears shut — bred to hunt puffins on cliffs","Norwegian Lundehund! Six toes per foot and can tilt its head one hundred and eighty degrees!"
