code,country,capital,difficulty,reveal
fr,France,Paris,1,"Paris! The City of Light has been France's capital for over a thousand years!"
jp,Japan,Tokyo,1,"Tokyo! The most populous metropolitan area on Earth and Japan's capital!"
au,Australia,Canberra,1,"Canberra! Not Sydney! Australia's capital was purpose-built in nineteen thirteen as a compromise!"
ca,Canada,Ottawa,1,"Ottawa! Not Toronto! Canada's capital sits right on the Ontario-Quebec border!"
us,United States,Washington D.C.,1,"Washington D.C.! Not New York! The capital was purpose-built between Maryland and Virginia!"
gb,United Kingdom,London,1,"London! Home of Big Ben and Buckingham Palace, capital of the United Kingdom!"
de,Germany,Berlin,1,"Berlin! Reunified as Germany's capital in nineteen ninety after the Wall came down!"
it,Italy,Rome,1,"Rome! The Eternal City, capital of Italy and once the heart of a mighty empire!"
es,Spain,Madrid,1,"Madrid! Europe's highest capital city, sitting over six hundred metres above sea level!"
br,Brazil,Brasília,1,"Brasília! Not Rio! Brazil's futuristic capital was built from scratch in the nineteen fifties!"
cn,China,Beijing,1,"Beijing! Home of the Forbidden City, capital of the world's most populous country!"
in,India,New Delhi,1,"New Delhi! India's capital, planned and built by the British in the twentieth century!"
ru,Russia,Moscow,1,"Moscow! Home of the Kremlin and Red Square, capital of the world's largest country!"
mx,Mexico,Mexico City,1,"Mexico City! Built on the ruins of ancient Tenochtitlán, one of the world's great capitals!"
kr,South Korea,Seoul,1,"Seoul! One of the world's most connected megacities and capital of South Korea!"
za,South Africa,Pretoria,1,"Pretoria! Not Cape Town or Johannesburg! South Africa's executive capital in the north!"
eg,Egypt,Cairo,1,"Cairo! The largest city in Africa and the Arab world, gateway to the Pyramids!"
ar,Argentina,Buenos Aires,1,"Buenos Aires! The Paris of South America and capital of Argentina!"
tr,Turkey,Ankara,1,"Ankara! Not Istanbul! Turkey moved its capital to Ankara in nineteen twenty-three!"
ng,Nigeria,Abuja,1,"Abuja! Not Lagos! Nigeria's purpose-built capital has been the official capital since nineteen ninety-one!"
nl,Netherlands,Amsterdam,2,"Amsterdam! Officially the capital, though the Dutch government sits in The Hague!"
ch,Switzerland,Bern,2,"Bern! Not Zurich or Geneva! Bern is Switzerland's federal city and de facto capital!"
nz,New Zealand,Wellington,2,"Wellington! Not Auckland! New Zealand's compact and notoriously windy capital!"
pk,Pakistan,Islamabad,2,"Islamabad! Not Karachi or Lahore! Pakistan's planned capital was built in the nineteen sixties!"
kz,Kazakhstan,Astana,2,"Astana! Not Almaty! Kazakhstan moved its capital to this futuristic city on the steppe!"
my,Malaysia,Kuala Lumpur,2,"Kuala Lumpur! City of the iconic Twin Towers and capital of Malaysia!"
th,Thailand,Bangkok,2,"Bangkok! Its full ceremonial name is the longest official place name in the world!"
vn,Vietnam,Hanoi,2,"Hanoi! Not Ho Chi Minh City! Vietnam's northern capital and seat of government!"
id,Indonesia,Jakarta,2,"Jakarta! The sinking capital of Indonesia, currently being replaced by a new city called Nusantara!"
sa,Saudi Arabia,Riyadh,2,"Riyadh! The desert capital at the heart of the world's largest oil exporter!"
ir,Iran,Tehran,2,"Tehran! Nestled at the foot of the Alborz Mountains, capital of Iran!"
il,Israel,Jerusalem,2,"Jerusalem! A deeply contested capital, claimed by Israel but recognised by very few nations!"
ua,Ukraine,Kyiv,2,"Kyiv! One of Eastern Europe's oldest cities and capital of Ukraine!"
se,Sweden,Stockholm,2,"Stockholm! Built across fourteen islands where Lake Mälar meets the Baltic Sea!"
no,Norway,Oslo,2,"Oslo! The Viking capital of Norway, surrounded by forests and fjords!"
ro,Romania,Bucharest,2,"Bucharest! Once called the Little Paris of the East, now Romania's capital!"
at,Austria,Vienna,2,"Vienna! Imperial capital of the old Habsburg Empire and city of Mozart and Beethoven!"
pl,Poland,Warsaw,2,"Warsaw! Rebuilt almost entirely from rubble after World War Two!"
gr,Greece,Athens,2,"Athens! The cradle of Western civilisation and birthplace of democracy!"
hu,Hungary,Budapest,2,"Budapest! Two cities, Buda and Pest, united across the Danube in eighteen seventy-three!"
pt,Portugal,Lisbon,2,"Lisbon! Europe's westernmost capital, city of seven hills, fado music, and great explorers!"
cz,Czech Republic,Prague,2,"Prague! The City of a Hundred Spires and capital of the Czech Republic!"
be,Belgium,Brussels,2,"Brussels! Capital of Belgium and the unofficial capital of the European Union!"
ph,Philippines,Manila,2,"Manila! Not the largest city in the Philippines by area, but its historic capital!"
cl,Chile,Santiago,2,"Santiago! Capital of the world's longest country, nestled in a valley between the Andes and sea!"
co,Colombia,Bogotá,2,"Bogotá! One of the world's highest capital cities, over two thousand five hundred metres up!"
ke,Kenya,Nairobi,2,"Nairobi! The only capital city in the world with a national park right on its doorstep!"
ma,Morocco,Rabat,2,"Rabat! Not Casablanca! Morocco's capital sits on the Atlantic coast!"
mm,Myanmar,Naypyidaw,2,"Naypyidaw! Not Yangon! Myanmar built this brand new capital in complete secrecy and revealed it in two thousand and six!"
bo,Bolivia,Sucre,2,"Sucre! Bolivia has two capitals. Sucre is the constitutional one; La Paz is the seat of government!"
is,Iceland,Reykjavik,3,"Reykjavik! The world's northernmost capital of a sovereign state, powered almost entirely by geothermal energy!"
lu,Luxembourg,Luxembourg City,3,"Luxembourg City! The tiny capital of tiny Luxembourg, one of Europe's smallest and wealthiest countries!"
ee,Estonia,Tallinn,3,"Tallinn! One of the best-preserved medieval old towns in Europe, capital of Estonia!"
lv,Latvia,Riga,3,"Riga! The largest city in the Baltic states and capital of Latvia!"
lt,Lithuania,Vilnius,3,"Vilnius! Lithuania's baroque capital tucked in the green hills of the country's east!"
li,Liechtenstein,Vaduz,3,"Vaduz! The tiny capital of tiny Liechtenstein, a principality sitting on the Rhine!"
mt,Malta,Valletta,3,"Valletta! The smallest capital city in the European Union, built by the Knights of Malta!"
cy,Cyprus,Nicosia,3,"Nicosia! The world's last divided capital city, split between Greek and Turkish sides!"
ge,Georgia,Tbilisi,3,"Tbilisi! Named after its hot sulphur springs, the ancient capital of Georgia in the Caucasus!"
az,Azerbaijan,Baku,3,"Baku! The oil city on the Caspian Sea and capital of Azerbaijan!"
am,Armenia,Yerevan,3,"Yerevan! One of the world's oldest continuously inhabited cities and capital of Armenia!"
mn,Mongolia,Ulaanbaatar,3,"Ulaanbaatar! The coldest capital city on Earth and home of the descendants of Genghis Khan!"
np,Nepal,Kathmandu,3,"Kathmandu! Gateway to Mount Everest and the ancient capital of Nepal!"
bt,Bhutan,Thimphu,3,"Thimphu! One of only two capital cities in the world that has no traffic lights!"
mv,Maldives,Malé,3,"Malé! One of the most densely populated cities on Earth and capital of the Maldives!"
fj,Fiji,Suva,3,"Suva! The largest city in the South Pacific island nations and capital of Fiji!"
pg,Papua New Guinea,Port Moresby,3,"Port Moresby! Capital of the land of the unexpected, Papua New Guinea!"
la,Laos,Vientiane,3,"Vientiane! One of the world's most laid-back capital cities, on the banks of the Mekong!"
kh,Cambodia,Phnom Penh,3,"Phnom Penh! The Pearl of Asia, capital of Cambodia and home of the Royal Palace!"
uy,Uruguay,Montevideo,3,"Montevideo! The southernmost capital city in South America, on the Río de la Plata!"
py,Paraguay,Asunción,3,"Asunción! One of the oldest cities in South America and capital of Paraguay!"
sm,San Marino,San Marino,3,"San Marino! The world's oldest republic and the only country whose capital shares its name!"
ad,Andorra,Andorra la Vella,3,"Andorra la Vella! The highest capital city in Europe, over a thousand metres above sea level!"
mc,Monaco,Monaco,3,"Monaco! The tiny principality's capital is essentially the entire country itself!"
ie,Ireland,Dublin,3,"Dublin! Fair city on the banks of the River Liffey and capital of Ireland!"
