id,question,answer,wrong1,wrong2,wrong3,difficulty,type,reveal
cr001,Who preached the First Crusade at the Council of Clermont in 1095?,Pope Urban II,Pope Gregory VII,Pope Innocent III,Pope Clement V,1,person,Pope Urban the Second! His speech at Clermont in ten ninety-five launched two centuries of crusading!
cr002,In what year did Crusaders first capture Jerusalem?,1099,1096,1102,1187,1,date,Ten ninety-nine! Crusaders stormed Jerusalem on July the fifteenth after a gruelling five-week siege!
cr003,Which Muslim leader recaptured Jerusalem from the Crusaders in 1187?,Saladin,Baybars,Nur ad-Din,Al-Kamil,1,person,Saladin! The great Sultan retook Jerusalem on October the second eleven eighty-seven ending eighty-eight years of Crusader rule!
cr004,Which English king led the Third Crusade?,Richard I,Henry II,Edward I,King John,1,person,Richard the First the Lionheart! He never reached Jerusalem but earned eternal legend for his campaigns in the Holy Land!
cr005,What were the Crusader territories in the Holy Land collectively called?,Outremer,Terra Sancta,The Levant,Frankia,1,fact,Outremer! French for beyond the sea. The Crusaders built a whole new world far from home!
cr006,Which Crusade resulted in the sack of the Christian city of Constantinople?,Fourth Crusade,Third Crusade,Fifth Crusade,Second Crusade,1,event,The Fourth Crusade! It never reached the Holy Land and sacked a great Christian city instead!
cr007,What name was given to the disastrous 1212 movement of young people toward the Holy Land?,Children's Crusade,People's Crusade,Poor People's Crusade,Shepherd's Crusade,1,event,The Children's Crusade! A tragic movement that ended in disaster for almost everyone who joined!
cr008,At which battle in 1187 did Saladin destroy the main Crusader army?,Battle of Hattin,Battle of Arsuf,Battle of Dorylaeum,Battle of Montgisard,1,event,The Battle of Hattin! Saladin cut off the Crusaders' water supply and destroyed their army in the scorching heat!
cr009,Which military order was founded around 1119 in Jerusalem to protect pilgrims?,Knights Templar,Knights Hospitaller,Teutonic Knights,Order of Santiago,1,fact,The Knights Templar! Warrior monks who became one of the most powerful organisations in medieval Europe!
cr010,Who was chosen as the first ruler of Jerusalem after the Crusaders captured it in 1099?,Godfrey of Bouillon,Bohemond of Taranto,Raymond of Toulouse,Hugh of Vermandois,1,person,Godfrey of Bouillon! He was chosen as the first ruler of Jerusalem after the city fell in ten ninety-nine!
cr011,In what year did the last Crusader city of Acre fall to the Mamluks?,1291,1270,1287,1300,1,date,Twelve ninety-one! Acre fell on the eighteenth of May ending two hundred years of Crusader presence!
cr012,Which Crusader state was established first even before Jerusalem was captured?,County of Edessa,Kingdom of Jerusalem,Principality of Antioch,County of Tripoli,1,fact,The County of Edessa! Founded in ten ninety-eight by Baldwin of Boulogne it was the very first Crusader state!
cr013,The fall of which Crusader city in 1144 directly triggered the Second Crusade?,Edessa,Antioch,Tyre,Tripoli,1,event,Edessa! When the Muslim ruler Zengi captured it in eleven forty-four the Pope called the Second Crusade!
cr014,The Knights Hospitaller originally served what purpose in Jerusalem before becoming a military order?,Running a hospital for sick pilgrims,Guarding the Holy Sepulchre,Escorting pilgrim caravans,Translating Arabic manuscripts,1,fact,A hospital! The Knights Hospitaller started as a charity caring for sick pilgrims before taking up arms!
cr015,Which German Holy Roman Emperor drowned in a river while leading forces on the Third Crusade?,Frederick Barbarossa,Henry VI,Frederick II,Conrad III,1,person,Frederick Barbarossa! He drowned crossing the Saleph River in eleven ninety throwing the German army into chaos!
cr016,Bernard of Clairvaux was the great preacher who inspired thousands to join which Crusade?,Second Crusade,First Crusade,Third Crusade,Fourth Crusade,1,person,Bernard of Clairvaux! His preaching was so powerful that volunteers ran out of cloth to make crosses!
cr017,What spiritual reward did the Church promise to those who went on Crusade?,Remission of sins (plenary indulgence),Guaranteed entry to heaven,Land grants in the Holy Land,Knighthood upon return,1,fact,Remission of sins! The Pope promised crusaders a plenary indulgence wiping away punishment for all confessed sins!
cr018,Which Pope called for the Third Crusade after Jerusalem fell to Saladin in 1187?,Pope Gregory VIII,Pope Innocent III,Pope Urban II,Pope Clement III,1,person,Pope Gregory the Eighth! He issued the call for the Third Crusade in eleven eighty-seven just weeks before his own death!
cr019,The Fifth Crusade targeted which Egyptian city as the key to recapturing Jerusalem?,Damietta,Alexandria,Cairo,Rosetta,1,location,Damietta! The Crusaders took it in twelve nineteen but lost everything trying to push south toward Cairo!
cr020,What does the Latin battle cry Deus Vult mean?,God wills it,God protects us,For God and glory,God's holy army,1,fact,God wills it! The crowd's roar of Deus Vult at Clermont in ten ninety-five echoed through two centuries of crusading!
cr021,The Battle of Hattin in 1187 was fought near which body of water?,Sea of Galilee,Dead Sea,Mediterranean Sea,Jordan River,2,location,The Sea of Galilee! Saladin cut off the Crusaders' water supply before destroying their army at Hattin!
cr022,For how long did the Crusaders besiege Antioch during the First Crusade?,Eight months,Three months,One year,Eighteen months,2,event,Eight brutal months! The Siege of Antioch lasted from October ten ninety-seven to June ten ninety-eight!
cr023,Which Norman leader kept Antioch after the First Crusade breaking his oath to return it to Byzantium?,Bohemond of Taranto,Raymond of Toulouse,Tancred of Hauteville,Godfrey of Bouillon,2,person,Bohemond of Taranto! He held Antioch and declared himself its prince breaking his vow to the Byzantine Emperor!
cr024,Conrad of Montferrat was assassinated just days before what planned event?,His coronation as King of Jerusalem,His wedding to Isabella I,His departure from the Holy Land,His meeting with Richard I,2,event,The Assassins struck! Conrad the King-elect of Jerusalem was killed by the Hashshashin days before his coronation!
cr025,How long did the Siege of Acre last before Richard I broke through?,Two years,Six months,Three years,Four months,2,event,Two years! The brutal Siege of Acre from eleven eighty-nine to eleven ninety-one cost thousands of lives on both sides!
cr026,Which Pope called the Fourth Crusade in 1199 but then lost control of where it went?,Pope Innocent III,Pope Gregory VIII,Pope Urban III,Pope Clement III,2,person,Pope Innocent the Third! He called the Fourth Crusade but could not prevent it from sacking Constantinople instead!
cr027,Richard I captured the island of Cyprus in 1191. From whose control did he seize it?,Isaac Komnenos,Saladin,Guy of Lusignan,The Byzantine Emperor,2,event,Isaac Komnenos! Richard captured Cyprus on his way to the Holy Land almost as a glorious side quest!
cr028,What was the outcome of the Second Crusade's siege of Damascus in 1148?,Abandoned in humiliation after just four days,Repulsed with catastrophic losses,Ended in a negotiated surrender,Failed after a six-month siege,2,event,The Second Crusade! Abandoned in humiliation after just four days outside Damascus in eleven forty-eight!
cr029,Before attacking the Crusader states Saladin first united which two territories under his rule?,Egypt and Syria,Syria and Iraq,Egypt and North Africa,Palestine and Anatolia,2,fact,Egypt and Syria! Saladin built an empire from Cairo to Aleppo before turning his full power on the Crusaders!
cr030,What happened to King Louis IX of France at the Battle of Mansurah in 1250?,He was captured and held for ransom,He was killed in battle,He escaped by sea to Cyprus,He surrendered unconditionally,2,event,Louis the Ninth was captured by the Egyptians at Mansurah in twelve fifty and held for a king's ransom!
cr031,Which Mamluk Sultan systematically dismantled every remaining Crusader fortress after 1260?,Baybars,Al-Ashraf Khalil,Qalawun,Nur ad-Din,2,person,Baybars! After twelve sixty the great Mamluk Sultan dismantled every remaining Crusader fortress one by one!
cr032,Which of the four Crusader states survived the longest falling only in 1268?,Principality of Antioch,County of Tripoli,Kingdom of Jerusalem,County of Edessa,2,fact,The Principality of Antioch! It survived until twelve sixty-eight making it the longest-lasting of the four Crusader states!
cr033,Holy Roman Emperor Frederick II recovered Jerusalem in 1229 by what extraordinary means?,Diplomatic negotiation with the Sultan,Military siege,Naval blockade of Egypt,Paying an enormous ransom,2,event,Frederick the Second negotiated Jerusalem back from Sultan Al-Kamil in twelve twenty-nine without firing a single arrow!
cr034,The People's Crusade set out ahead of the main First Crusade army in 1096. What happened?,It was destroyed by the Turks almost immediately,It captured Nicaea before the main army,It merged with the main army at Constantinople,It returned to France without reaching Anatolia,2,event,The People's Crusade set out in ten ninety-six ahead of the main army and was destroyed by the Turks almost immediately!
cr035,Queen Melisende ruled as regent and co-ruler for over twenty years. Which Crusader kingdom did she govern?,Kingdom of Jerusalem,County of Tripoli,Principality of Antioch,County of Edessa,2,person,Queen Melisende of Jerusalem! She ruled as regent and then co-ruler for over twenty years one of the Crusades' great leaders!
cr036,The Krak des Chevaliers one of the greatest medieval castles was held by which military order?,Knights Hospitaller,Knights Templar,Teutonic Knights,Order of St Lazarus,2,fact,The Knights Hospitaller! Krak des Chevaliers in modern Syria was their greatest stronghold and never fell to direct assault!
cr037,At which battle in 1191 did Richard I defeat Saladin's army while marching south along the coast?,Battle of Arsuf,Battle of Jaffa,Battle of Hattin,Battle of Dorylaeum,2,location,The Battle of Arsuf! Richard's disciplined march and devastating cavalry charge routed Saladin's forces in eleven ninety-one!
cr038,Which Italian city-state financed and transported the Fourth Crusade and profited enormously from the outcome?,Venice,Genoa,Pisa,Amalfi,2,fact,Venice! The city-state financed the Fourth Crusade then strategically redirected it to destroy its trade rival Constantinople!
cr039,King Baldwin IV ruled Jerusalem despite suffering from which debilitating illness?,Leprosy,Blindness,Paralysis,Plague,2,person,Baldwin the Fourth the Leper King! Despite his illness he defeated Saladin at Montgisard in eleven seventy-seven!
cr040,Holy Roman Emperor Frederick II led the Sixth Crusade in an unusual situation. What was it?,He was excommunicated by the Pope,He refused to use violence,He had allied with Saladin's heirs,He was leading a rival army against the Pope,2,event,Frederick the Second led the Sixth Crusade while excommunicated outraging the Pope yet still recovering Jerusalem!
cr041,What was unique about the Fourth Crusade compared to all other major Crusades?,It never reached the Holy Land,It captured Jerusalem for the third time,It was led entirely by non-nobles,It used only mercenary forces,2,event,The Fourth Crusade never reached the Holy Land! It sacked Christian Zara then the great city of Constantinople!
cr042,The Teutonic Knights were founded as a hospital order during the siege of which city?,Acre,Jerusalem,Antioch,Damietta,2,fact,Acre! German pilgrims founded the Teutonic Knights as a hospital order during the brutal Siege of Acre in eleven ninety!
cr043,Which Venetian Doge masterminded the diversion of the Fourth Crusade toward Constantinople?,Enrico Dandolo,Andrea Dandolo,Pietro Ziani,Sebastiano Ziani,2,person,Enrico Dandolo! The aged Doge of Venice was nearly blind but masterminded the entire diversion of the Fourth Crusade!
cr044,The Fourth Crusade established a new empire in Constantinople. What was it called?,Latin Empire of Constantinople,Crusader State of Byzantium,Kingdom of the East,Holy Empire of Rome in the East,2,event,The Latin Empire of Constantinople! It was established in twelve-oh-four and lasted until twelve sixty-one!
cr045,Conrad III of Germany co-led the Second Crusade alongside which French king?,Louis VII,Philip II,Louis IX,Charles V,2,person,Conrad the Third and Louis the Seventh! The two monarchs led a doomed effort that collapsed at Damascus!
cr046,Philip II of France abandoned the Third Crusade and returned home after which city was recaptured?,Acre,Jaffa,Tyre,Jerusalem,2,location,Acre! Philip the Second left for France soon after Acre fell in eleven ninety-one leaving Richard to fight on alone!
cr047,Which knight founded the County of Tripoli around 1102 as the last of the four Crusader states?,Raymond IV of Toulouse,Bohemond of Taranto,Tancred of Hauteville,Hugh of Payns,2,person,Raymond the Fourth of Toulouse! He founded the County of Tripoli around eleven-oh-two the last of the four Crusader states!
cr048,Godfrey of Bouillon refused the title King of Jerusalem. What title did he take instead?,Advocate of the Holy Sepulchre,Guardian of the Holy City,Protector of Pilgrims,Lord of the Holy Land,2,fact,Godfrey refused to be King in Christ's city! He took the title Advocate of the Holy Sepulchre instead!
cr049,Which Byzantine emperor's appeal for help against the Seljuk Turks inadvertently launched the First Crusade?,Alexios I Komnenos,Manuel I Komnenos,John II Komnenos,Constantine XI,2,person,Alexios the First Komnenos! He asked only for mercenaries to fight the Seljuks but got a full crusade instead!
cr050,Muslim ruler Zengi who captured Edessa in 1144 was succeeded by which more famous ruler?,Nur ad-Din,Saladin,Baybars,Al-Kamil,2,person,Nur ad-Din! Zengi's son unified the Muslim world further and his successor Saladin would finally reconquer Jerusalem!
cr051,Pope Clement V dissolved the Knights Templar in 1312. What fate befell their last Grand Master Jacques de Molay?,He was burned at the stake,He was imprisoned for life,He escaped to Cyprus,He was quietly exiled,3,person,Jacques de Molay! The last Grand Master of the Knights Templar was burned at the stake in Paris in thirteen fourteen!
cr052,The Albigensian Crusade targeted the Cathar heresy in which region of southern France?,Languedoc,Normandy,Burgundy,Provence,3,location,Languedoc! The Albigensian Crusade devastated this region massacring entire towns suspected of the Cathar heresy!
cr053,Saladin was the founder of which Islamic dynasty that ruled Egypt and Syria?,Ayyubid dynasty,Mamluk dynasty,Fatimid dynasty,Seljuk dynasty,3,fact,The Ayyubid dynasty! Saladin founded it in eleven seventy-one and it ruled Egypt and Syria through the Crusade era!
cr054,Which Crusade failed when its papal legate Cardinal Pelagius rejected Sultan Al-Kamil's peace offer?,Fifth Crusade,Sixth Crusade,Seventh Crusade,Fourth Crusade,3,event,The Fifth Crusade! Cardinal Pelagius rejected a generous peace offer and marched into the Nile flood losing everything!
cr055,The Northern Crusades primarily targeted pagan peoples in which region?,The Baltic,Scandinavia,North Africa,The Balkans,3,location,The Baltic! Crusades against pagan Prussians Latvians and Lithuanians led to centuries of German expansion in the north!
cr056,In what year did the Livonian Brothers of the Sword merge with the Teutonic Knights?,1237,1225,1250,1191,3,date,Twelve thirty-seven! The Livonian Brothers merged with the Teutonic Knights expanding Teutonic power across the Baltic!
cr057,Pope Gregory IX excommunicated Frederick II before the Sixth Crusade. Why was Frederick excommunicated?,He repeatedly postponed his crusade,He allied with the Sultan of Egypt,He refused to acknowledge papal authority,He raised taxes against the Church,3,event,Frederick kept delaying his crusade! Pope Gregory the Ninth excommunicated him in twelve twenty-seven and Frederick went anyway!
cr058,At the Battle of Montgisard in 1177 the Leper King Baldwin IV defeated Saladin. How large was Saladin's force compared to Baldwin's?,Saladin had vastly more troops,Both armies were roughly equal,Baldwin had the larger force,Saladin had fewer troops but better cavalry,3,event,Saladin vastly outnumbered Baldwin! The Leper King led fewer than five hundred knights to a stunning victory at Montgisard!
cr059,The 1229 treaty that restored Jerusalem to Christian control without fighting was named what?,Second Treaty of Jaffa,Treaty of San Germano,Treaty of Damietta,Treaty of Acre,3,fact,The Second Treaty of Jaffa! Frederick the Second negotiated Jerusalem back from Al-Kamil in twelve twenty-nine without a battle!
cr060,Saladin's opponents at the Battle of Hattin were led by which King of Jerusalem?,Guy of Lusignan,Raymond III of Tripoli,Balian of Ibelin,Conrad of Montferrat,3,person,Guy of Lusignan! The King was warned not to march into waterless terrain but led his army to destruction at Hattin!
cr061,The Seventh Crusade was launched partly because Jerusalem was lost again in 1244. To which invaders did it fall?,Khwarazmian Turks,Mongols,Mamluks,Seljuk Turks,3,event,The Khwarazmian Turks! These displaced warriors sacked Jerusalem in twelve forty-four ending the last period of Christian control!
cr062,Which Crusader city in Anatolia was captured by the First Crusade in June 1097 opening the road south?,Nicaea,Dorylaeum,Iconium,Tarsus,3,location,Nicaea! The Crusaders captured the Seljuk capital in Anatolia in June ten ninety-seven opening the route to Antioch!
cr063,Who led the Muslim relief army that besieged the Crusaders inside Antioch in June 1098?,Kerbogha of Mosul,Saladin,Zengi,Kilij Arslan I,3,person,Kerbogha of Mosul! He trapped the Crusaders inside Antioch but the discovery of the Holy Lance rallied them to victory!
cr064,The Cathars targeted by the Albigensian Crusade held which core belief?,Matter is evil and spirit is divine,Rejection of all violence,Christ was not resurrected,The Pope has no authority over Christians,3,fact,Dualism! The Cathars believed matter was evil and spirit divine a belief the Church called heresy and crushed mercilessly!
cr065,The Teutonic Knights' Baltic campaigns eventually led to the Christianization of which last pagan people in Europe?,Lithuanians,Hungarians,Poles,Bulgarians,3,fact,The Lithuanians! The Teutonic Knights fought a long crusade against the Lithuanians the very last pagan people in medieval Europe!
cr066,What debt forced the Fourth Crusade to attack the Christian city of Zara on Venice's demand?,The cost of the Venetian fleet,The loss of trade privileges,A ransom debt to Byzantium,Unpaid tithes to the Pope,3,event,The fleet cost! The Crusaders owed Venice for ships and had no money so they sacked Zara a rival port instead!
cr067,Who led the charismatic People's Crusade ahead of the main First Crusade in 1096?,Peter the Hermit,Walter Sans-Avoir,Bernard of Clairvaux,Fulcher of Chartres,3,person,Peter the Hermit! He led tens of thousands of poor pilgrims toward the Holy Land before the main army even departed!
cr068,In what year did Frederick II's diplomatically recovered Jerusalem fall back to Muslim control?,1244,1229,1250,1238,3,date,Twelve forty-four! Jerusalem held under the twelve twenty-nine treaty fell again to the Khwarazmian Turks after just fifteen years!
cr069,In what year did the Fifth Crusade finally collapse with Crusaders forced to surrender Damietta?,1221,1219,1225,1217,3,date,Twelve twenty-one! The Fifth Crusade collapsed when Crusaders surrendered Damietta back to Egypt after being trapped in the floods!
cr070,Which Mamluk Sultan defeated the Mongols at the Battle of Ain Jalut in 1260 saving the Islamic world?,Baybars,Qalawun,Al-Ashraf Khalil,Al-Kamil,3,person,Baybars! His victory at Ain Jalut in twelve sixty was the first major Mongol defeat and saved the Muslim world!
cr071,After losing the Holy Land in 1291 the Knights Hospitaller established their new headquarters on which island?,Rhodes,Cyprus,Malta,Crete,3,location,Rhodes! After losing the Holy Land the Knights Hospitaller captured Rhodes in thirteen-oh-six and made it their base!
cr072,The Rhineland massacres that preceded the First Crusade targeted which community?,Jewish communities,Muslim merchants,Eastern Christian communities,Pagan tribespeople,3,event,Jewish communities! Crusader bands massacred Jewish people in Speyer Worms and Mainz before departing for the Holy Land!
cr073,Pope Clement V dissolved the Knights Templar in 1312. What happened to most of their property?,It was transferred to the Knights Hospitaller,It was seized by the French crown,It was distributed to local bishops,It was returned to the Holy Land,3,event,The Knights Hospitaller! The Pope ordered most Templar property transferred to them consolidating crusading power!
cr074,Frederick II's recovery of Jerusalem in 1229 without fighting outraged which two powerful groups?,The Pope and the Knights Templar,Saladin's heirs and the Mamluks,The King of France and the Hospitallers,The Byzantine Emperor and the Venetians,3,event,The Pope and the Templars! Both were furious that the excommunicated Emperor had recovered Jerusalem without their blessing!
cr075,The Crusader army at the Battle of Hattin was lured into marching without water to relieve which nearby siege?,Tiberias,Nablus,Jaffa,Ascalon,3,location,Tiberias! Saladin besieged the city knowing the Crusaders would have to march through waterless terrain to relieve it!
